1,70,Tab: Indome T _75,ایرانی ARYA,1
2,290,Syrp:Ginsing,ایرانی,1
3,25,Slution: Pure_Glycerin,,1
4,10,Tab: Glibenclamid 5,ایرانی,1
5,25,Syrp: Diphinhy Dramin,IRANI,1
6,35,Tab: Theophy lin 200,ایرانی دارو پخش,1
7,27,Cap: Amoxciclin 500,ایرانی,1
8,,Cap: Amoxil 500,IRANI,1
9,67,Cap: Erithromycin 400,خوارزمی _ایرانی,1
10,30,Cap: Penciln _V_,,1
11,125,Syrp: Tusian,گل دارو  IRANI,1
12,,Tab: Asmoral_10,تسینم ایرانی,1
13,,Tab: Gliben clamide _5,ایرانی,1
14,40,Syrp: Cefalaxin 250 mg,کوثر ایرانی,1
15,90,O:Ethanol 70%,,1
16,10,Tab: Hydrochloro Thiyazit,IRANI,1
17,80,Tab: Shirafza,ایرانی,1
18,,Tab: Phytoton,ایرانی,1
19,90,Tab: Memoral,ایرانی,1
20,30,Tab: Nitroforotain 100,ایرانی,1
21,20,Tab: Prazosin 1 mg,ایرانی,2
22,40,Tab: Prazosin 5 mg,ایرانی,2
23,,Tab: Analapril 5,ایرانی,2
24,10,Tab: Sypractin 4 mg,ایرانی,2
25,20,Tab: Captopril 50,ایرانی,2
26,20,Tab: Captopril 25,ایرانی,2
27,20,Tab: Atenolol 100,ایرانی,2
28,,Tab: Zanifed 10,ایرانی,2
29,,Tab: Analapril 5 mg,ایرانی,2
30,25,Tab: Spironolacton,ایرانی,2
31,10,Tab: Methimazol 5,ایرانی,2
32,20,Tab: levoxin 0.1,ایرانی,2
33,70,Tab: Ciproflaxin 250,ایرانی,2
34,20,Tab: Pranol 10,ایرانی,2
35,20,Tab: TRIAMTERENE_H,ایرانی سبحان,2
36,100,Tab: Estromarin 0.625,ایرانی,2
37,20,Tab: Ovstop _ LD,ایرانی,2
38,70,Tab: Normazin  100 mg,ایرانی,2
39,30,Tab: Normazin  25 mg,ایرانی,2
40,20,Tab: Diazpam 2,ایرانی,2
41,20,Tab: Diazpam 10,ایرانی,3
42,20,Tab: Clonazepam 2,سبحان,3
43,10,Tab: Clonazepam 1,سبحان,3
44,10,Tab: Diazepam  5,سبحان,3
45,15,Tab: Rispridan 2,ایرانی,3
46,30,Tab: Nimoscar,ایرانی,3
47,,Tab: Akinex,ایرانی,3
48,15,Tab: Rispridon 1,ایرانی,3
49,10,Tab: Betametason,ایرانی,3
50,60,Tab: Ketakenazol 200,ایرانی Rouz_Darou,3
51,10,Tab: Prednisilon 5,ایرانی,3
52,10,Tab: Dexametason 0.5,ایرانی,3
53,10,Tab: Dexametason,ایرانی,3
54,10,Tab: Dexepin 10,ایرانی,3
55,40,Tab: Dexepin 25,ایرانی,3
56,15,Tab: Nisopred_5,ایرانی,3
57,30,Tab: Amantadin 100,ایرانی,3
58,20,Tab: Bacolofen,ایرانی,3
59,10,Tab: Imipramin 10 mg,ایرانی,3
60,10,Tab: Imipramin 25 mg,ایرانی,3
61,20,Tab: Thrifbrprazin 2 mg,ایرانی,4
62,30,Tab: Thrifbrprazin 5 mg,ایرانی,4
63,20,Tab: Lorapom 2                                  ,,4
64,15,Tab: Trifen 2,ایرانی,4
65,20,Tab: Amitriptlin 25,ایرانی,4
66,15,Tab: Amitriptlin 10,ایرانی,4
67,,Tab: Vazonadin 2,ایرانی,4
68,40,Tab: Vazonadin 0.2,ایرانی,4
69,10,Tab: Fenobardital 15,ایرانی,4
70,20,Tab: Fenobardital 100,ایرانی,4
71,15,Tab: Fenobardital 60,ایرانی,4
72,20,Tab: Halopredol 5,ایرانی,4
73,10,Tab: Poxakim 5,ایرانی,4
74,20,Tab: Poxakim 10,ایرانی,4
75,15,Tab: Halopredol 0.5,ایرانی,4
76,10,Tab: Griseofulvin 125,ایرانی,4
77,90,Tab: Alzixa 5,ایرانی تسنیم,4
78,210,Tab: C Lax,ایرانی,4
79,,Spray: Desmax,ایرانی سینا دارو,4
80,40,Tab: Sulfasalacin,ایرانی,4
81,10,Tab: Chlorpheniamine 4 mg,ایرانی,5
82,40,Tab: Acetazolamide 250,مهردارو ایرانی,5
83,,Tab: Nortriptyline 25,ایرانی,5
84,30,Tab: Fluoxetine 20,ایرانی,5
85,10,Tab: Ranitadin 150,ایرانی,5
86,20,Tab: Cimetidin 200,ایرانی کیمیا دارو,5
87,10,Tab: Famotidine 40 ,ایرانی ایران دارو,5
88,80,Tab: Daimeticone,ایرانی ,5
89,10,Tab: Bizacodeyl,ایرانی,5
90,30,Drop: Acetagrophen,ایرانی,5
91,15,Tab: Clidinium_C,ایرانی سبحان,5
92,40,Tab: Nalidixic Acid,ایرانی روز دارو,5
93,40,Amp: Biperidon 5 mg,ایرانی کاسپیان,5
94,50,Amp: Naloxon,ایرانی دارو ,5
95,85,Amp: Fluphenazin 25,ایرانی کیمیا دارو,5
96,60,Amp: Normazin,ایرانی تهران شیمی,5
97,30,Amp: Nestagmin,ایرانی کاسپیان,5
98,40,Amp: Promethazine,Alborz Daru,5
99,25,Amp: Hiyocdic,ایرانی کاسپین,5
100,80,Crem: Depimasage,ایرانی DEPI,5
101,220,Crem: Rezmory,ایرانی گل دارو,6
102,130,Crem: Capsuin,ایرانی گل دارو,6
103,50,Crem: Prixecom,ایرانی عماد ,6
104,50,Lot: De_Wart,ایرانی گل دارو,6
105,120,Tab: Afrodit,ایرانی گل دارو,6
106,,Emulsion:Hee_Show,ایرانی,6
107,10,Tab: A.S.A 100 mg,,6
108,40,Tab: Vitumin C 250,ایرانی آوه سینا,6
109,15,Tab: Indometucin 25,ایرانی زهراوی,6
110,20,Tab: Cotimet,ایرانی خوازمی ,6
111,40,"Tab: Vit B, 300 mg",ایرانی خوازمی ,6
112,,"Tab: Vit B, 100",ایرانی دارو پخش ,6
113,10,Tab: Acetamunophen Cod,ایرانی ZNGROS ,6
114,40,Tab: Indomet 75,ایرانی ARYA ,6
115,,Tab: Omega_3,ایرانی زهراوی,6
116,20,Tab: Co_TRIMOXAZOLE 400/80,ایرانی سبحان,6
117,,Tab: Carbacoat 500,ایرانی Amin PH,6
118,,Cap: TALQUID+,ایرانی Tasnim,6
119,10,Tab: A.S.A 100,PARS.Darou ایرانی,6
120,100,Tab: Zagrocold,ایرانی ZNGROS,6
121,210,Cap: Power gol,ایرانی گل دارو,7
122,30,Cap: Multivitamin+Mineral,,7
123,,Cap: Pelliron_F,ایرانی تسنیم  ,7
124,20,Cap: A_Vitin 2500,ایرانی زهراوی  ,7
125,20,Tab: Vitamin B_6,ایرانی امین  ,7
126,,Tab: Vitamin B_6,ایرانی دارو پخش  ,7
127,,Tab: Ferrotab,ایرانی,7
128,15,Tab: Nutro _B,ایرانی امین  ,7
129,10,Tab: Folic_Acid 1,ایرانی ,7
130,15,Amp: Pladic,ایرانی کاسپین,7
131,20,Amp: Gentamicin 80,ایرانی,7
132,20,Amp: Gentadic 80 mg,ایرانی,7
133,20,Amp: Gentadic 40 mg,ایرانی,7
134,20,Amp: Ranitdin,Alborz Darou,7
135,40,Amp: Estrudiol _v,ایرانی ابوریحان  ,7
136,30,Amp: Progesteron 50,ایرانی ابوریحان  ,7
137,30,Drop: Betamethason 0.1%,ایرانی دارو پخش,7
138,290,Drop: Aphrodit,,7
139,100,Drop: Sankal,,7
140,100,Drop: Shiranfza,,7
141,,Drop: Nistomid,,8
142,100,Drop: Prostaten,,8
143,30,Drop: Naprisol,ایرانی سینا دارو,8
144,125,Drop: Atrin 1%,ایرانی سینا دارو,8
145,40,Drop: Precord,ایرانی سینا دارو,8
146,35,Drop: Bactimide,ایرانی سینا دارو,8
147,30,Drop: Gentex,ایرانی سینا دارو,8
148,40,Drop: Tearlose,ایرانی سینا دارو,8
149,40,Drop: Ciplex,ایرانی سینا دارو,8
150,40,Drop: Dentol,ایرانی خرمان,8
151,30,Drop: Plamid Gut,ایرانی خوارزمی,8
152,160,Drop: Gasterolan,ایرانی گل دارو,8
153,100,Drop: Prostatan,ایرانی گل دارو,8
154,,Drop: Cinnamd,ایرانی گل دارو,8
155,100,Drop: Sankol,ایرانی گل دارو,8
156,160,Drop: Iralvex,ایرانی گل دارو,8
157,100,Drop: Shirafza,ایرانی گل دارو,8
158,35,Drop: Adsol,ایرانی خوازمی,8
159,40,Drop: Mulcivitamin,ایرانی Nikasa,8
160,40,Drop: Ferrous_Sulphate,ایرانی ,8
161,,Drop: Irofant,ایرانی خوارزمی,9
162,40,Drop: Vitamix,ایرانی خوارزمی,9
163,190,Spray: Serlix 10%,ایرانی خوارزمی,9
164,400,Spray: Serlix 10%,ایرانی خوارزمی,9
165,35,Amp: Androne 250,ایرانی کاسپیان,9
166,15,Amp: VIBALMIN 1000,ایرانی کاسپیان,9
167,15,Amp: Bromide_EXIR,ایرانی EXIR,9
168,40,Amp: Testosterone_Enanthate 250,ایرانی ,9
169,20,Amp: Progesterone 25,ایرانی,9
170,20,Amp: Roxiccam 20,ایرانی,9
171,15,Amp: Ranijection,ایرانی سینا دارو,9
172,15,Amp: Becouit,ایرانی بروجرد,9
173,15,Amp: Ranitidine,ایرانی البرزدارو,9
174,20,Amp: Dexamethasrne,ایرانی دارو پخش,9
175,160,Tab: Valprosad,ایرانی  سجاد دارو,9
176,45,Amp: Amikacin 500,ایرانی داروپخش,9
177,,Amp: Lorikacin 100,ایرانی EXIR,9
178,20,Amp: Lopirox,ایرانی EXIR,9
179,20,Amp: Betson.L.A,ایرانی کاسپین,9
180,15,Amp: BETASON,ایرانی کاسپین,9
181,15,Amp: Betasonate,ایرانی سینا دارو,10
182,25,Amp: Ove.Vit.D3,ایرانی اسوه,10
183,40,Amp: Vit.D3 6000000,ایرانی کاسپین,10
184,20,Drop: Rinosaltin,ایرانی سینا دارو,10
185,30,Drop: Dexon 0.1%,ایرانی سینا دارو,10
186,35,Drop: Anaprivin,ایرانی سینا دارو,10
187,25,Pom: Aerotex 1%,ایرانی سینا دارو,10
188,35,Pom: Xerovit,ایرانی سینا دارو,10
189,30,Pom: Cholbiotic,ایرانی سینا دارو,10
190,140,Drop: EARGol,ایرانی گل دارو,10
191,25,Amp: DEXADIC 8 mg,ایرانی کاسپین,10
192,35,Amp: Pen C.A 120000,ایرانی جابر ابن حیان,10
193,40,Inj: Loraxone 500,ایرانی Exir,10
194,40,Inj: Ceftriaxone 1 g,ایرانی Exir,10
195,40,Amp: Methylprednisolone_Acetote 40 mg,ایرانی کاسپین,10
196,90,Inhler: Eucalyptus,ایرانی دینه,10
197,250,Syp: Baby Sed,ایرانی گل دارو,10
198,30,kotex:بهداشتی ساده,ایرانی,10
199,40,kotex:بهداشتی بالدار,ایرانی,10
200,30,Syrp: Stomucid,Pakistani,1
201,60,Syrp: Phenomed,Pakistani,1
202,30,Syrp:Endonil,Pakistani,1
203,60,Syrp:Depricap,Getz Pakistani,1
204,120,Syrp: Lil Ac,Pakistani,1
205,80,Syrp:Motilium,Pakistani,1
206,160,Syrp:Ceremin,Pakistani,1
207,110,Syrp:Epival,Pakistani,1
208,250,Syrp:Lepsi,Eenitics,1
209,260,Solution:Vepridone,Eenitics,1
210,,Syrp:Nerbest,Selco Pakistani,1
211,,Tab: Punslay,Scilife Pakistani,1
212,,Tab: Niseloamg,Pakistani,1
213,30,Syrp: PEPTIBAN,پاکستانی,1
214,130,Syrp: Bilagol _L,پاکستانی,1
215,,Syrp: Entocied,Herbion,1
216,,Syrp:Semag – 3,Karachi Pakistani,1
217,130,Syrp: URODONAL,پاکستانی,1
218,40  p,Tab: Brufen 600,وحدت فارما,1
219,,Tab:Glucation Plus,ابن سینا,1
220,100 p,Tab:Cytopan 75,Getz,2
221,100,Tab:Cytopan 50,Getz,2
222,480,Tab:Xaroban 20 mg,Sered,2
223,20,Tab:Noaflam – 75,منیر فهیم,2
224,440,Cap:Vorfn_50,منیر فهیم,2
225,25,Tab: Furbin 100 mg,پاکستانی Mega,2
226,180,Tab: Nimesulide 100 mg,پاکستانی,2
227,20,Tab: Beflam 75,پاکستانی,2
228,120,Syrp:Jetipar,پاکستانی منیر فهیم,2
229,110,Syrp:Hepa – Marz,پاکستانی منیر فهیم,2
230,200,Syrp: Neurozin,پاکستانی منیر فهیم,2
231,100,Syrp: Ulsanic,پاکستانی منیر فهیم,2
232,50,Pow: Glaxose – D,پاکستانی منیر فهیم,2
233,110,Tab:Velosef 250,Gsll,2
234,200,Tab:Velosef 500,Gsll,2
235,120,Syrp:Jetipar,پاکستانی منیر فهیم,2
236,220,Tab:Cefracef 500,Nipro - ph,2
237,30  ق,Tab:Arnil – 50,پاکستانی,2
238,75  ق,Tab:Arnil –75,پاکستانی,2
239,,Tab: Tiapine 100,General,2
240,60,Cap: Olanizia 5 mg,,3
241,110,Cap: Olanizia 10 mg,,3
242,310  ق,Cap: Dalacin _C 300 mg,پاکستانی Pfiza,3
243,375  ق,Tab: Pequit 100,Genetics,3
244,100  ق,Tab: ErDozet,پاکستانی منیر فهیم,3
245,15,Tab: Ventolin 4 mg,پاکستانی منیر فهیم,3
246,10,Tab: Ventolin 2 mg,پاکستانی منیر فهیم,3
247,15,Tab: Astehotifen 1 mg,پاکستانی منیر فهیم,3
248,80,Tab: Melfax 15 mg,پاکستانی,3
249,250  p,Tab: Ecasil 600 mg,پاکستانی,3
250,130  p        ,Tab: Brexin,پاکستانی chiesi,3
251,120,Syrp: Zetro 200 mg,Getz,3
252,45,Syrp: Cosom_E,پاکستانی منیر فهیم,3
253,80,Syrp: Corex _D کلان,پاکستانی منیر فهیم,3
254,60,Syrp: Corex _D خورد ,پاکستانی منیر فهیم,3
255,40,Syrp: Citralka,پاکستانی منیر فهیم,3
256,160,Syrp: Claritek,Getz,3
257,250,Syrp: Klarcid 125 mg,Aboot,3
258,60,Syrp: Ventolin,Gsk,3
259,50,Syrp: Ventolin_Expectorant ,Gsk,3
260,,Tab: Montiget 4 mg,Getz,4
261,110    p,Tab: Feldene,Pflzer,4
262,60,Tab: Xobix 7.5 mg,Hiltion,4
263,100,Tab: Xobix 15 mg,Hiltion,4
264,70,Tab: Terlin 4 mg,,4
265,40,Tab: Terlin 2 mg,,4
266,40    p,Tab: Septran Ds,پاکستانی,4
267,130  p,Tab: Celebex 200,پاکستانی منیر فهیم,4
268,70  p,Tab: Celebex 100,پاکستانی منیر فهیم,4
269,70  p,Tab: Myrin fort,پاکستانی منیر فهیم,4
270,70,Tab: Gtril 1 mg,Getz,4
271,60  p,Tab: Gtril 2 mg,Getz,4
272,140  p,Tab: Gtril 4 mg,Getz,4
273,70  p,Tab: Gtril 3 mg,Getz,4
274,,Syrp: Salbut,,4
275,110,Syrp : velosef 125,,4
276,180,"Syrp: velosef 125,250",,4
277,40,Syrp: Ventolib _ Ex,,4
278,60,Syrp: Cofcol,,4
279,50,Syrp: Gavscon,,4
280,50,Syrp: Sirolin,,4
281,,Tab: Sayelo Kast,,5
282,15 p,Tab: Daonil 5 mg,پاکستانی SANofi,5
283,10 p,Tab: Britinyl,پاکستانی,5
284,20,Tab: Theogred 350,پاکستانی منیر فهیم,5
285,200,Tab: Montiget 10mg,Getz,5
286,190,Tab: Montiget 5 mg,Getz,5
287,110  p,Cap: Feldene_20 mg ,Pfizer,5
288,110,Tab: MITS_DS,پاکستانی,5
289,190,Powder: Montiget 4 mg,Getz,5
290,90  p,Tab: NAPROX 500,پاکستانی Pharmedic,5
291,100,Tab: Neoprox ,Martin Dow,5
292,160,Tab: Dapa_Met.5 / 850mg,پاکستانی Hilton _Ph,5
293,80,"Tab: Piozer plus_ 15,500",پاکستانی Hilton _Ph,5
294,80,"Tab: Piozer plus_15,850",پاکستانی Hilton _Ph,5
295,30,Tab: Glucophage _1g,پاکستانی Martin.Dow,5
296,20,Tab: Glucophage _500g,پاکستانی Martin.Dow,5
297,25,Tab: Glucophage _800g,پاکستانی Martin.Dow,5
298,160,Tab: Dapa_Met.5 / 850mg,پاکستانی Hilton _Ph,6
299,110,Tab: Sitaglumet 50,,6
300,120,Tab: Sitaglumet 500,,6
301,,Syrp: Nimucold,,6
302,50,Syrp: Cosome _E,پاکستانی,6
303,60,Syrp: Cosome,پاکستانی,6
304,40,Syrp: Cremaf in,,6
305,95,Syrp: OBH ,پاکستانی,6
306,60,Syrp: Zatofen,پاکستانی,6
307,40,Tab: Glucovance 500/2.5,,6
308,40,Tab: Glucovance 500/5,,6
309,70  p,Tab: Getfromin 2.500 mg,,6
310,100,Tab: Getfromin 1+500 mg,,6
311,40,Tab: Glucomin 500,Nipro,6
312,60,Tab: Ampiclox 500 mg,,6
313,195,Tab: Cefiget 200 mg,Getz,6
314,285,Tab: Cefiget 400 mg,Getz,6
315,280,Tab: Cipro Xin 500 mg,Bayer,6
316,150,Tab: Qupron 500 mg,پاکستانی HIEQ,6
317,,Tab: Civox 500 mg,,6
318,200,Tab: Leflox 500 mg,پاکستانی Getz,7
319,100,Tab: Leflox 250 mg,پاکستانی Getz,7
320,120,Tab: Oflo BID 400 mg,Hilton,7
321,100,Tab: Oflobdl 200 mg,Hilton,7
322,260,Tab: Moxiget 400 mg,Getz,7
323,150,Tab: levomerc 500,Martin Dow,7
324,100,Tab: Levomerc 250,Martin Dow,7
325,340,Tab: Hy Trin 2 mg,پاکستانی,7
326,170,Tab: Hy Trin 1 Mg,پاکستانی,7
327,110,Tab: Platag,پاکستانی,7
328,50,Tab: Amlo 5 mg,Getz,7
329,90,Tab: Amlo 10 mg,Getz,7
330,90,Tab: Norplats,Getz,7
331,65,Tab: Simvazaf 10,پاکستانی ZaFa,7
332,110,Tab: Avator 25,Nipro,7
333,120,Tab: Narvacac 5/10 mg,Phizer,7
334,10,Tab: Lanoxin,پاکستانی منیر فهیم,7
335,70,Tab: Amper 10/4,پاکستانی منیر فهیم,7
336,120,Tab: Amper 5/4,پاکستانی منیر فهیم,7
337,,Tab: Amper 5/8,پاکستانی منیر فهیم,7
338,200,Tab: Eziday 50 mg,پاکستانی منیر فهیم,8
339,130,Tab: Eziday 25 mg,پاکستانی منیر فهیم,8
340,50    p,Tab: Warfarin 5,پاکستانی منیر فهیم,8
341,510,Tab: Narvasa 30 mg,Pfizar,9
342,160  ق,Tab: Claritek 250,پاکستانی GetZ,9
343,210,Tab: Xefeecta 400,HilTon _PH,9
344,150  ق,Tab: Mercip 500,پاکستانی Mirk,9
345,100  ق,Tab: Mercip 250,پاکستانی Mirk,9
346,40  p,Cap: Riwacol,پاکستانی منیر فهیم,9
347,40  p,Cap: Riwatonix,پاکستانی منیر فهیم,9
348,,Tab: Mecloth 500,,9
349,285  ق,Tab: Clartic 500,پاکستانی Getz,9
350,260  ق,Tab: Urso 250,پاکستانی,9
351,95 p,Tab: Zetro 250,Getz,9
352,220  ق,Tab: Zetro 500,Getz,9
353,,Tab: Briden 20 mg,پاکستانی منیر فهیم,9
354,60  ق,Tab: Tenarmin 25,پاکستانی منیر فهیم,9
355,70  ق,Tab: Tenarmin 50,پاکستانی منیر فهیم,9
356,100  ق,Tab: Tenarmin 100,پاکستانی منیر فهیم,9
357,100  p,Tab: Co-Rnitic 10,پاکستانی منیر فهیم,9
358,,Tab: Co-Rnitic 25,پاکستانی منیر فهیم,9
359,170  ق,Tab: Amlodpin,Kimia _ph,9
360,150  ق,Tab: Renitec,پاکستانی,9
361,152  ق,Tab: Amlo _ Q,HiE-Q,10
362,235,Tab: Co-Eziday,پاکستانی,10
363,110,Tab: Copten 25,پاکستانی,10
364,60,Tab: Carsel 25,پاکستانی,10
365,80,Tab: Carsel 50,پاکستانی,10
366,,Tab: Aldact,Searile,10
367,80,Tab: Spromid 20,Searile,10
368,190,Tab: Noroxin 400,پاکستانی OBS,10
369,120,Tab: Wiloxin fort,پاکستانی  Wilson,10
370,480,Tab: Helicure_Pack,پاکستانی Ferozsonz,10
371,130,Cap: Azour 500 ,پاکستانی Mercy,10
372,80,Cap: Azour 250 ,پاکستانی Mercy,10
373,120,Tab: Zolecta _ 500,پاکستانی SIG,10
374,360,Tab: Klarbad 500,Meark,10
375,,Tab: Zezot 500,Bosch,10
376,,Tab: Orler 500,orion,10
377,200,Tab: Tarivid 200,پاکستانی Sanofi,10
378,,Tab: Afoxin_500 mg,پاکستانی AGP,10
379,110,Tab: Lipieget 10 mg,Getz,10
380,220,Tab: Lipieget 20 mg,Getz,10
381,40  ق,Tab: ZODIP 5mg,ZAFA,11
382,285  ق,Tab: Rovista 20,Getz,11
383,150  ق,Tab: Rovista 10,Getz,11
384,150,Tab: Nitroment,پاکستانی منیر فهیم,11
385,130,Tab: RUDRA 10 mg,Indus Ph,11
386,110,Tab: Lawplet plus,پاکستانی,11
387,ق  110,Tab: Lowplet 75,پاکستانی,11
388,190,Tab: SERC 8,Aboot,11
389,380,Tab: SERC 16,Aboot,11
390,240,Tab: Rimipec 2.5 mg,پاکستانی,11
391,300,Tab: Rimipec 5 mg,پاکستانی,11
392,540,Tab: Aldomet,پاکستانی,11
393,120  ق,Tab: Gempid 600,At-Co,11
394,,Tab: Mepresor 100,پاکستانی,11
395,130,Tab: Carlov 6.25,Hilton,11
396,40,Tab: Carlov 3.125,Hilton,11
397,60  ق,Tab: Ascard 150,Atco,11
398,60  ق,Tab: Ascard 75,Atco,11
399,90,Tab: Concor 2.5,پاکستانی,11
400,155,Tab: Concor 5,پاکستانی,11
401,110,Tab: Lasix 20,پاکستانی,12
402,20,Tab: Lasix 40,پاکستانی,12
403,145,Tab: Clomedon 50,پاکستانی Saydan,12
404,410,Tab: Proviron,Bayer,12
405,10,Tab: Vit_ K,پاکستانی irza,12
406,410,Tab: Cordarone 200,Sanofi,12
407,230,Tab: Defung 150,Nipro,12
408,190,Tab: Herbesser 60 mg,پاکستانی HN,12
409,100,Tab: Herbesser 30 mg,پاکستانی HN,12
410,20   p,Tab: Diltacortil 5,پاکستانی Pfizer,12
411,,Tab: Dapson,GSK,12
412,70  p,Tab: Acyclovir 400,Kimia Ph,12
413,1300,Tab: Xanax 0.5,پاکستانی phzeer,12
414,300,Tab: Xanax 0.25,پاکستانی phzeer,12
415,120,Tab: NERUIN 0.5,پاکستانی,12
416,100,Tab: NERUIN 0.25,پاکستانی,12
417,,Tab: Resjum 1 mg,پاکستانی,12
418,400,Tab: Rivatril 2,پاکستانی,12
419,300,Tab: Rivatril 0.5,پاکستانی,12
420,100,Tab: Arivan 1 mg,پاکستانی,12
421,370,Tab: Qusel 100,اسلام آباد_ پاکستانی,13
422,240,Tab: Qusel  25,اسلام آباد_ پاکستانی,13
423,200,Tab: Teril 200 mg,پاکستانی,13
424,290,Tab: Buzon 2 mg,		پاکستانی,13
425,160,Tab: Buzon 1 mg,		پاکستانی,13
426,10,Tab: Clomfranil 10,پاکستانی,13
427,160,Tab: Cermin 400,پاکستانی,13
428,500,Tab: Prozac 20 mg,پاکستانی,13
429,200,Tab: Praxyl 20,پاکستانی,13
430,130,Tab: Resjum 2 mg,پاکستانی,13
431,260,Tab: Vendep XR 75 mg,پاکستانی Genetics,13
432,160,Tab: Ceremin 800,پاکستانی,13
433,70,Tab: BUSRON ,پاکستانی,13
434,125,Tab: Gamlate B6,,13
435,120,Tab: Gabix 300 mg,Getz,13
436,50,Tab: Gabix 100 mg,Getz,13
437,,Tab: Dulan 30 mg,Hilton,13
438,690,Tab: Devenda 500,پاکستانی Danas,13
439,350=,Tab: Devenda 250,پاکستانی Danas,13
440,15,Tab: Tofranil 25,پاکستانی,13
441,200,Tab: Stemetil 5 mg,پاکستانی Sanofi,14
442,210,Tab: Neogab 100 mg,Hilton,14
443,240,Tab: Lemnet  50,پاکستانی SEARLE,14
444,400,Tab: Lemnet 100,پاکستانی SEARLE,14
445,240,Tab: Lamitor 50 mg,لاهور GENETICS,14
446,45,Tab: Geoxit 20 mg,لاهور پاکستان,14
447,25,Tab: Stugron 25 mg,پاکستانی,14
448,110,Tab: Sibelium,پاکستانی  Aspin,14
449,10,Tab: ProThiaden 25,Abbott,14
450,310,Tab: Limigzol 2.5,پاکستانی Genetic,14
451,270,Tab: Vendep,پاکستانی Genetic,14
452,1300,Tab: Tenofo B,Getz,14
453,170,Tab: Progyluton,Bayer,14
454,550,Tab: Dupbaston,Aboot,14
455,60,Tab: Arcet,Nipro,14
456,40,Tab: Abrotin 10,پاکستانی Honig,14
457,700,Tab: unitrexate 2.5,PAK,14
458,100,Tab: Xylor 10 mg,پاکستانی ATCO,14
459,400,Cap: Beautex,Selco,14
460,160,Tab: Promulet N,BAYER,14
461,,Tab: Clominol,لاهور پاکستانی,15
462,300,Tab: Cystalgon,پاکستانی PACIFIC,15
463,130,Tab: Jardin _ D,Hig Q,15
464,130,Tab: Silver 200,Abbott,15
465,260,Tab: HCQ 200,Getz,15
466,240,Tab: Dain 35,BAYEY,15
467,60,Tab: Rivatril 0.5,MARTin _Dow,15
468,,Tab: Manurax,پاکستانی Munawar_PH,15
469,70,Tab: Lukodermin,پاکستانی HowARDS,15
470,120,Tab: Mosegar,پاکستانی,15
471,,Tab: Isotrol 20,پاکستانی Biogen_PH,15
472,40,Tab: Serenace 5,Sered,15
473,,Tab: Combantrin 250,پاکستانی Pfizer,15
474,170,Tab: Xed 250,پاکستانی,15
475,60,Tab: Xed 500,پاکستانی,15
476,190,Tab: Genesis,پاکستانی,15
477,130,Cap: TRANSAMIN 500,Hilton,15
478,,Tab: Dapson,پاکستانی GSK,15
479,40,Tab: Serenace 5 mg,پاکستانی,15
480,100,Tab: Calan_SR ,پاکستانی SERLE,15
481,50,Tab: Tegral 200,پاکستانی,16
482,100,Tab: Depex,پاکستانی Martin Dow,16
483,70,Tab: Flux 20 mg,Hilton,16
484,45,Tab: Sensival,پاکستانی,16
485,560,Tab: Ciprolax,پاکستانی,16
486,230,Tab: Morcet 10,پاکستانی SEARLE,16
487,30  p,Tab: AMYLINE 25,پاکستانی,16
488,,Tab: Terbiderm,,16
489,,Tab: Sevpram 10,,16
490,,Tab: Amotrip,,16
491,,Tab: Sciprum,,16
492,,Tab: Jurox _CR,پاکستانی JP,16
493,270,Tab: ZolP,پاکستانی,16
494,20,Tab: Cafergot,پاکستانی Indus Ph,16
495,180,Tab: Lerace 25,,16
496,120,Tab: Lorapom 2                                  ,,16
497,420,Tab: Stir_up,پاکستانی,16
498,70,Tab: Protadin 75,,16
499,10,Tab: Protadin 25,,16
500,190,Tab: Donep 5,پاکستانی Generics,16
501,266,Tab: Levopraid 50,,17
502,270,Tab: Donep 10,پاکستانی Generics,17
503,,Tab: Zenbar 30,,17
504,,Tab: Zenbar 20,,17
505,70,Tab: Olepra 5,پاکستانی Generics,17
506,130,Tab: Olepra 10,پاکستانی Generics,17
507,100,Cap: Advance 20,پاکستانی,17
508,10,Tab: Avil 25,پاکستانی,17
509,400,Tab: Grat 320,پاکستانی,17
510,390,Tab: Tiovari 18 mg,لاهور پاکستانی,17
511,125,Tab: Fexet 60,Getz,17
512,250,Tab: Fexet 120,Getz,17
513,40,Tab: Gynaecosid,کراچی پاکستان,17
514,100,Tab: Fexet_D_Getz,Getz,17
515,200,Tab: Zegab 75,HILTON,17
516,330,Tab: Zegab 120,HILTON,17
517,170,Tab: Zegab 50,HILTON,17
518,680,Tab: Methergin,,17
519,70  p,Tab: Acipam,,17
520,290,Tab: Prolexa,پاکستانی GENERICS,17
521,,Tab: J. Balin,پاکستانی JP,18
522,410,Tab: Nassa 30,پاکستانی,18
523,230,Tab: Nassa 15,پاکستانی,18
524,100,Tab: Kemadrin,gsk,18
525,120,Tab: Eteva 0.5,پاکستانی,18
526,200,Tab: Fenoget 67 mg,Getz,18
527,160,Tab: Fenoget 200 mg,gsk,18
528,,Tab: Velkeno 5 mg,پاکستانی,18
529,135,Tab: Cardura,پاکستانی Pheesar,18
530,440,Tab: Proscar,پاکستانی Msd ,18
531,120,Tab: Grifn 500 mg,پاکستانی,18
532,50,Tab: Belir,Bayer,18
533,50,Tab: Atoxan,پاکستانی Swiss ,18
534,260,Tab: Combirir 400,پاکستانی,18
535,,Tab: Ezidep,پاکستانی OBS,18
536,,Tab: Repos 100,Pfizer,18
537,430  p,Tab: Zoloft,,18
538,230,Tab: Tegrel,,18
539,,Tab: Tacroz,,18
540,70,Tab: Zyloric 100,Gsk,18
541,100,Tab: Zyloric 300,Gsk,19
542,80,Tab: Trioptal 300,پاکستانی,19
543,90,Tab: BROMALEX 3 mg,پاکستانی  Indus ph,19
544,180,Cap: ECOGAB 75,پاکستانی,19
545,50,Tab: Lexotanil 3 mg,پاکستانی  Martin Dow ,19
546,15,Tab: TrypTanol 25,,19
547,290,Tab: Paromax CR,پاکستانی Danas ,19
548,180,Tab: Citanew 10 mg,Hilton,19
549,230,Tab: Morcet 20,پاکستانی SERLE ,19
550,180,Tab: SCIPRAM,پاکستانی SCILIFE ,19
551,310,Tab: Seroxet,پاکستانی,19
552,400,Tab: Cetralex ,پاکستانی Genetics ,19
553,50,Syrp: Zing,پاکستانی Industrial,19
554,60,Syrp: A.Sec,پاکستانی,19
555,50,Syrp: Avil,پاکستانی Sonafi,19
556,50,Syrp: Septran DS,Gsk,19
557,50,Syrp: Brufen  DS,Abbott,19
558,50,Syrp: Arinac,Abbott,19
559,50,Syrp: Metodin DF,پاکستانی SEAREL,19
560,50,Syrp: Maxolan,پاکستانی ICN,19
561,70,Tab: Zantac 150,Gsk,20
562,,Tab: Cimetadin,پاکستانی SEAREL,20
563,70,Tab: Entimazol,Abbott,20
564,55,Tab: Fasigyn 500,Pfizer,20
565,270,Cap: Doxium,پاکستانی AGP,20
566,40,Tab: Veromox ,پاکستانی Aspin,20
567,25,Tab: laxobaron,پاکستانی,20
568,170,Tab: Zindagi,پاکستانی ZAFA,20
569,50,Tab: Imodum,,20
570,50,Syrp: Tixylex,پاکستانی Sanofi  ,20
571,50,Syrp: Gutti,پاکستانی,20
572,,Syrp: Florocin,پاکستانی Nipro  ,20
573,30,Syrp: Actidel,Gsk  ,20
574,50,Syrp: Calpol,Gsk  ,20
575,100,Syrp: Mytil 125,پاکستانی,20
576,140,Syrp: Mytil 250,پاکستانی,20
577,70,Tab: Librax,MEDA  ,20
578,40,Tab: Motilium,پاکستانی Aspin  ,20
579,170,Tab: Negram,پاکستانی SEARLE  ,20
580,100,Tab: ulunic,پاکستانی,20
581,40,Tab: Metoden,SEARLE  ,21
582,75,Tab: Mornig,پاکستانی Industrial  ,21
583,120,Tab: Zeespa,پاکستانی SHAIGAN  ,21
584,,Tab: DySEN_Forte,پاکستانی,21
585,140,Tab: Ketrax 50,,21
586,70,Syrp: Novidat,,21
587,70,Syrp: Rigix,,21
588,30,Tab: Navidaxin,پاکستانی,21
589,60,Tab: Biocodyl,پاکستانی,21
590,70,Syrp: Metodin,پاکستانی SEARLE  ,21
591,50,Syrp: Flagyl,پاکستانی Sonofi  ,21
592,50,Syrp: Entimazol,Abbott  ,21
593,100,Syrp: Spaslar _P,پاکستانی AGP  ,21
594,50,Syrp: Vermox,پاکستانی,21
595,65,Tab: Digestin,پاکستانی,21
596,80,Tab: Nospa,پاکستانی Sonofi  ,21
597,60,Tab: Secna 500,پاکستانی Jans  ,21
598,70,Tab: Bismol,پاکستانی Macter  ,21
599,30,Tab: Yosan,پاکستانی,21
600,20,Tab: Zentel,Gsk,21
601,50,Tab: Mesan,پاکستانی,22
602,60,Tab: A.SEC,پاکستانی,22
603,480,Tab: Wodenzym_N,پاکستانی,22
604,20,Tab: Metodin _DF,SEARLE,22
605,265,Cap: Vigora,پاکستانی ,22
606,10,Inj: Serenace 5,پاکستانی SERAEL  ,22
607,40,Amp: Diazpam 10 mg,پاکستانی Martin Dow  ,22
608,310,Ampol : cercolin 500,,22
609,190,Amp: Cercolin 250,پاکستانی,22
610,50,Inj: W_DOL,IndusTril  پاکستانی ,22
611,10,Amp: Lasix,Sanofi  پاکستانی ,22
612,10,Inj: Phenirenmin,Akson  پاکستانی ,22
613,30,Inj: Magnsium sulph,ZAFA  پاکستانی ,22
614,,Amp: Promethazine,Alborz Daru,22
615,70,Amp: Cerimin,پاکستانی,22
616,1240,Tab: Tribu_Gin_,پاکستانی,22
617,10,Amp: Atropine 1 mg,,22
618,170,Tab: Primidon 250,Abbott,22
619,,Amp: Atrofate _ Sulpnate,,22
620,50,Crem: Wentogeno,پاکستانی Murtin Dow,22
621,240,Lot: Dufilm,پاکستانی Stifel,22
622,,Crem: Moov,,23
623,90,Lot: Rumol,پاکستانی Medics,23
624,,Lot: Melanocyl,,23
625,30,Tab: Evion 200,پاکستانی,23
626,60,Tab: Evion 600,پاکستانی,23
627,50,Tab: Evion 400,پاکستانی,23
628,120,Tab: Chymoral Fort,پاکستانی,23
629,200,Tab: Pregnol,,23
630,10,Tab: Disprin,پاکستانی,23
631,20,Tab: Gravinat,پاکستانی SEREL,23
632,30,Tab: Nearo bedoxinplus,پاکستانی ScnaZoo Spl,23
633,20,Tab: Duragesic,پاکستانی TABROS,23
634,40,Tab: Tanoflax P, سالمی پاکستانی,23
635,70,Tab: Calcipan T,پاکستانی AMBROSIA ,23
636,,Tab: Trapra,پاکستانی KANEL_PH ,23
637,35,Tab: Nearobion,پاکستانی Martin Dow,23
638,20,Tab: Nubral fort,پاکستانی SEREL ,23
639,200,Tab: Latofer_S,پاکستانی لاهور,23
640,180,Cap: Ultrafol 600 mg,پاکستانی Genetics,23
641,40,"Tab: Epival 500, 250",,23
642,60,,,23
643,200,Tab: Polydish _F,پاکستان CARAWAY,24
644,90,Tab: Trihemic 600,پاکستانی  Wyeth,24
645,,Tab: Folbiol,,24
646,150,Tab: Vistavit,پاکستانی  REMINGTON,24
647,120,Cap: Gonadel _F,پاکستانی  Getz,24
648,320,Tab: Prignalex,پاکستانی  Biolex,24
649,150,Tab: Carassein _D,,24
650,480,Cap: lexmen,پاکستانی  Biolex,24
651,,Tab: Calcipeg,پاکستان Jupiter_PH,24
652,310,Tab: Biocrol_D,پاکستان Aikal,24
653,80,Tab: Chewcal,GSK,24
654,200,Tab: Bone pro 0.5 mg,پاکستانی  Scnazoo Spl,24
655,85,Tab: Augmantin 375,Gsk,24
656,120,Tab: Augmantin 625,Gsk,24
657,,Tab: Cigmuntin 625,پاکستانی  ,24
658,120,Tab: Indral 40,پاکستانی Astra Zeneca,24
659,50,Tab: Indral 10,پاکستانی Astra Zeneca,24
660,130,Amp: Gravibinan 1,BAYER,24
661,180,Ampol: Gravibinan 2,,24
662,140,Amp: Hydroxyprogisterone,پاکستانیZAFA ,24
663,10,Amp: Gravinate,,24
664,250,Amp: Glucatime,,25
665,410,Drop: Co_Dorzal,پاکستانی کراچی  ,25
666,90,Drop: Comox,پاکستانی کراچی  ,25
667,60,Drop: Optoflox,پاکستانی کراچی  ,25
668,40,Drop: Ocuflur,پاکستانی کراچی  ,25
669,60,Drop: oculerg,پاکستانی کراچی  ,25
670,50,Drop: Santochlor,پاکستانی کراچی  ,25
671,60,Drop: Blephapred,پاکستانی ,25
672,50,Drop: Blink_Fresh,پاکستانی,25
673,95,Drop: BRACIN,پاکستانی Atco ,25
674,60,Drop: Tobra,پاکستانی Schazoo Spl ,25
675,40,Drop: Diclomin,پاکستانی Schazoo Spl ,25
676,85,Drop: Florozil,پاکستانی,25
677,110,Drop: Megamox,پاکستانی,25
678,340,Drop: Nevanac,پاکستانیNovartic ,25
679,30,Drop: Cipromac_D,TORQE,25
680,90,Drop: TRANCE,پاکستانیINNVOTER ,25
681,30,Drop: Curine,پاکستانی   SchazooSPl ,25
682,90,Drop: Comate,پاکستانی   SchazooSPl ,25
683,40,Drop: Detnesol_N,پاکستانی Gsk   ,25
684,50,Drop: Nystatin,,26
685,120,Drop: Aphrodit,,26
686,,Drop: Peptin,,26
687,,Drop: Pepsin plus,,26
688,50,Drop: Cylip _P,,26
689,100,Drop: Prostaten,,26
690,,Drop: Sankal,,26
691,100,Drop: Shiranfza,,26
692,,Drop: Nistomid,,26
693,120,Drop: Cefaclor,,26
694,30,Drop: Cecon,,26
695,,Drop: Inofunt,,26
696,40,Drop: Colic,,26
697,30,Drop: Colimux,,26
698,,Drop: Iralrex,,26
699,60,Amp: Depo_Medrol 40,,26
700,120,Amp: Depo_Medrol 80,,26
701,60,Amp: Triton,,26
702,,Amp: Calcum Gluconat,,26
703,30,Drop: Rhinoryl,TORQE,27
704,40,Drop: Curall_A,پاکستانی   SchazooSPl ,27
705,25,Drop: Lidoporin,Gsk   ,27
706,30,Drop: Otosporin,Gsk   ,27
707,50,Drop: CYIP_P,TORQE,27
708,30,Drop: Cecon,Abbott,27
709,40,Drop: Colic,پاکستانی,27
710,60,Drop: Infidol,پاکستانی Herbion,27
711,40,Drop: Peptin,TORQE,27
712,380,Amp: DHU,پاکستانی GENIX,27
713,170,Amp: Jectosol,پاکستانی,27
714,,Amp: Minatidine,پاکستانی EP,27
715,,Inhaler: Bekson HFA,Getz,27
716,40,Solution: Ventolin,Gsk,27
717,240,Inhaler: Xaltide HFA,Getz,27
718,270,Inhaler: Optra,Getz,27
719,220,Amp: Nexum 40 mg,Getz,27
720,230,Amp: Risek,Getz,27
721,60,Amp: Pantoprazole,Abbott,27
722,,Amp: Pantomae,پاکستانی TORQE,27
723,30,Amp: No SPA,پاکستانی Sanofi,28
724,,Amp: Adferol,پاکستانی GLOBAL,28
725,85,Drop: Bromycin_D,پاکستانی INNVOTER,28
726,30,Drop: Skilax,پاکستانی,28
727,30,Drop: Xynosine,پاکستانی ZAFA,28
728,40,Pom: Blephnil,پاکستانی INNVOTER,28
729,60,Pom: Bromycin,پاکستانی INNVOTER,28
730,20,Pom: Betnesol_N,Gsk,28
731,25,Pom: Poly Fax,Gsk,28
732,40,Pom: Poly Fax skin,,28
733,20,Pom: Methachloy,,28
734,50,Drop: Nilstat,پاکستانی ICI,28
735,150,Spray: Flexosone,پاکستانی SchazooSPL,28
736,30,Spray: Xynosine,پاکستانی ZAFA,28
737,300,Spray: Hivate,پاکستانی Saffron,28
738,100,Solution: Ceregin,پاکستانی Platinam,28
739,40,Solution: Micronema,پاکستانی Atco,28
740,30,Solution: Micronema,,28
741,70,Spary: Rhinosone ,پاکستانی SchazooSPL,28
742,115,Drop: Rowachol,Rowa Ireland,28
743,110,Drop: Rowatinex,Rowa Ireland,28
744,390,Spray: Rinoclenil 100,پاکستانی Chiesi,28
745,200,Spray: Nasarin,پاکستانی SchazooSPL,29
746,120,Drop: Ceclor,پاکستانی AGP,29
747,50,Solution: Kleen Enema,پاکستانی Nabiqasim,29
748,65,Amp: Tviton,پاکستانی Health_PH,29
749,330,Amp: Decadron,پاکستانی OBS,29
750,10,Amp: Paracin,پاکستانی TORQE,29
751,90,Inj: Flagyl,پاکستانی Sanofi,29
752,100,Inj: Norbac,پاکستانی Global,29
753,100,Solution: Protect,پاکستانی,29
754,100,Solution: Prodent,پاکستانی Platinum,29
755,20,Amp: Neurobion,پاکستانی Martin Dow,29
756,50,Amp: Xed 500,پاکستانی Indus _Ph,29
757,30,Amp: Xed 250,پاکستانی Indus _Ph,29
758,,Amp: Calcium Gluconate,,29
759,20,Amp: Ketorolac,Belarus,29
760,120,Amp: Dep_Medrol 80,پاکستانی PFIZER,29
761,60,Amp: Dep_Medrol 40,پاکستانی PFIZER,29
762,160,SYP: Mosegor V,پاکستانی NOVARTIS,29
763,50,Syp: Mosegor,پاکستانی Navartis,29
764,70,Syp: Neupred,پاکستانی Neutro,29
765,80,Syp: Steron,پاکستانی Xenon,30
766,30,Syp: LoRGY,پاکستانی,30
767,40,Syrom: Sodum_Chloride 0.9% 500 ml,پاکستانی FDL,30
768,50,Syrom: Sodum_Chloride 0.9% 1000 ml,پاکستانی FDL,30
769,290,Syrom: Haemaccel 500 ml,پاکستانی Sanofi,30
770,90,Syrom: Dextrose 10%,پاکستانی FDL,30
771,,Syrom: Lelofusine 500 ml,Getz,30
772,,Syrom: Ciplet 200 mg 100 ml,پاکستانی,30
773,,Inj: Aminovel 600,پاکستانی Otsuka,30
774,,Syrom: Mono_Nacl,پاکستانی FDL,30
775,,Syrom: Dripsol_20%,پاکستانی MS,30
776,140,Syrom: Mannitol 20,پاکستانی FDL,30
777,70,Syrp: Milk of Maq,LARK,1
778,,Syrp: Ferro_one,Total,1
779,400,Tab:MANAGABA_M 75,Main Kind,1
780,235,Tab:Flozen – AA,Main kind,1
781,60,Syrp:Dycid,عبدالله خان هندی,1
782,230,Cap: Cornerre_ P,Corona,1
783,50,Tab: CoBix _200,Cipla,1
784,,Tab: Montecon_Lc,هندی مسیح صمیم,1
785,,Tab: Soneta 2mg,,1
786,350,Cap: Seroflo 250,هندی مسیح صمیم,1
787,230,Cap: Seroflo 100,هندی مسیح صمیم,1
788,140,Machine:  Rotahaler,هندی,1
789,180,Syrp: B_29,Croona,1
790,,Syrp: Zithra ,هندی,1
791,270,Tab: Spuralar _1000,LARK مسیح صمیم,1
792,30,Tab: Montu _ 10,هندی,1
793,40,Tab: RELIKAST _LC,هندی,1
794,50,Tab: Montelar,هندی LARAK,1
795,,Tab: Gvardence 4 mg,هندی Belinda,1
796,40,Tab: Debistal Gm,Leford هندی,1
797,60,Cap: Rifampin 300,,2
798,,Syrp: Nimucold,,2
799,,Cap: G_Fam 300,,2
800,,Tab: ErythRocin 250,هندی,2
801,,Tab: AM_C_1000,هندی,2
802,,Tab; Alpcife 400 mg,هندی,2
803,,Tab: Parvens 500 mg,هندی,2
804,,Tab: Ciprozed 500,هندی,2
805,,Tab: Amlovge 5/160,هندی,2
806,90,Tab: Fynal _250,Mankind,2
807,150,Tab: Fynal_500,Mankind,2
808,,Tab: Warf _5,هندی Cipla,2
809,,Tab: Nifedipin 10,هندی,2
810,,Tab: Dilavex 75,N.E.R,2
811,,Tab: ciprozed _ 500,Zest_ph,2
812,800,Tab: Pylokit,Cipla,2
813,,Tab: fynal 500,Mankind,2
814,80,Tab: ZITHRA_ 500,هندی,2
815,,Tab: Trizo_250,هندی,2
816,,Tab: CHEZFLOX 500,هندی,2
817,30,Tab: OFLAXINE 200,هندی MAGBR,3
818,30,Tab: Cozart 50,مسیح صمیم,3
819,25,Tab: Cozart 25,مسیح صمیم,3
820,280,Tab: Symbocin _ oz,,3
821,110,Tab: Lamivir 100 mg,هندی Cipla,3
822,,Tab: Zystroin 20,هندی,3
823,,Tab: Ova care,هندی MEYER,3
824,,Tab: Oligo care,هندی MEYER,3
825,20,Tab: Axamix,هندی,3
826,,Tab: SULPIRIDE 50 mg,هندی MAIDEN ,3
827,130,Tab: Live _ 52,هندی,3
828,,Tab: Jardin _ D,Hig Q,3
829,20,Tab: Furtile _ 250 M,هندی Global,3
830,60,Tab: Misnol 200,هندی Knoll,3
831,,Tab: Himalava,هندی,3
832,80,Cap: Acnetoin 10,هندی,3
833,,Tab: Cvetox 10 mg,هندی Spey,3
834,,Cap: Reton _20,هندی,3
835,20,Tab: FerotiL M,هندی,3
836,,Tab: TilsTiamine,هندی,3
837,60,Tab: NYSLAXIS ,هندی ARBRO,4
838,200,Tab: Oxyspas 5,هندی CIPLA ,4
839,,Tab: Nystatin,هندی,4
840,,Tab: Syms 50,هندی,4
841,,Tab: Syms 100,هندی,4
842,270,Tab: Urimax 0.4,هندی,4
843,,Tab: Flutra,هندی,4
844,235,Tab: Placida,Mankind,4
845,,Tab: Ecit 10,هندی,4
846,,Tab: Clozapin 25,هندی Lifecare  ,4
847,,Tab: Clozapin 100,هندی Lifecare  ,4
848,,Tab: Pramipex 0.5,SUN_PH  ,4
849,,Inj: Labergin 0.2 mg,هندی,4
850,,Tab: Dapoxetin,هندی,4
851,,Tab: Zenbar 30,,4
852,,Tab: Zenbar 20,,4
853,,Cap: Beautex,Selco,4
854,100,Spray: Relif,هندی Leeford,4
855,100,Lot: Wart_Srab,هندی Leeford,4
856,50,Gel: OMNIGEL,هندی Cipla,4
857,,Gel: Total Relife,هندی Setosa,5
858,,Gel: Weloni,هندی Biford,5
859,,Gel: ZELDINAC,هندی LeeFord,5
860,,Gel: VOVEDICE Plus,هندی LeeFord,5
861,,Tab: Larvit AE,هندی LARAK,5
862,,Tab: Lycobax _Plus,هندی BAXIL PH,5
863,,Tab: Proglobin,هندی SYDLER,5
864,,Tab: Ferro_BZ,هندی MB,5
865,,Tab: Trazer F,CORONA,5
866,,Tab: Vitoc _D,هندی CACHE PH ,5
867,,Tab: Trazer_M,CORONA,5
868,,Cap: Fertile Woman,هندی Sydler ,5
869,,Cap: Megaburn,هندی Leeford ,5
870,,Tab: Fempro,هندی  Cipla,5
871,,Drop: Decort_C, هندی LABORATR ,5
872,,Drop: Dexcol_Radicon,هندی,5
873,,Vial: Vancomax,هندی,5
874,,Drop: NikeThamide,هندی LARK,5
875,,Drop: Domlar,هندی LARK,5
876,,Drop: PEPSIN plus,هندی LARK,5
877,,Amp: Belcort_BELCO,هندی,6
878,,Tab: Valponeo,هندی F,6
879,40,Amp: Pantarex,هندی Mod_HIKE,6
880,,Amp: Ramkacin ,هندی Vega_Ph,6
881,125,Amp: Nirfol 1%,هندی,6
882,40,Drop: Glybiotic,هندی TORQE,6
883,,Vial: Vancomycin .Hcl,هندی Brooks,6
884,,Spray: Nospay,هندی,6
885,20,Amp: Ridmol,هندی ,6
886,60,Syp: Cyprolar.T plus,هندی LARK,6
887,,Syp: Cpomark,هندی,6
888,30,Syp: SYPROHEPTADINE,هندی LARK,6
889,110,Inj: M_CEFTIM 1g,هندی,6
890,,Inj: NESTRIAXON 1000,هندی NESTOR,6
891,,Solution: Listamine,هندی Naz,6
892,,Inj: Traxol _5,هندی Cachct,6
893,,Syp: Allertyc,هندی,6
894,,Syrom: Ricip 100 ml,هندی,6
